/*
SQLyog Community v8.6 GA
MySQL - 8.0.23 : Database - livros
*********************************************************************
*/

/*!40101 SET NAMES utf8 */;

/*!40101 SET SQL_MODE=''*/;

/*!40014 SET @OLD_UNIQUE_CHECKS=@@UNIQUE_CHECKS, UNIQUE_CHECKS=0 */;
/*!40014 SET @OLD_FOREIGN_KEY_CHECKS=@@FOREIGN_KEY_CHECKS, FOREIGN_KEY_CHECKS=0 */;
/*!40101 SET @OLD_SQL_MODE=@@SQL_MODE, SQL_MODE='NO_AUTO_VALUE_ON_ZERO' */;
/*!40111 SET @OLD_SQL_NOTES=@@SQL_NOTES, SQL_NOTES=0 */;
CREATE DATABASE /*!32312 IF NOT EXISTS*/`livros` /*!40100 DEFAULT CHARACTER SET latin1 */ /*!80016 DEFAULT ENCRYPTION='N' */;

USE `livros`;

/*Table structure for table `assuntos` */

DROP TABLE IF EXISTS `assuntos`;

CREATE TABLE `assuntos` (
  `id` int NOT NULL AUTO_INCREMENT,
  `assunto` varchar(50) NOT NULL,
  PRIMARY KEY (`id`)
) ENGINE=InnoDB AUTO_INCREMENT=88 DEFAULT CHARSET=latin1 COMMENT='Assuntos tema dos livros';

/*Data for the table `assuntos` */

insert  into `assuntos`(`id`,`assunto`) values (1,'Literatura brasileira'),(2,'Crônicas'),(3,'Poesia'),(4,'Literatura estrangeira'),(5,'Bilíngue'),(6,'Ilustrado'),(7,'Tradução'),(8,'Psicanálise e Psicologia'),(9,'Romance'),(10,'Música'),(11,'Memória'),(12,'Comunicação'),(13,'Sociologia e Sociedade'),(14,'Cultura'),(15,'Contos'),(16,'Livros sobre livros'),(17,'História'),(18,'Tipografia'),(19,'Artes gráficas'),(20,'Editoração'),(21,'Design'),(22,'Crítica literária'),(23,'Literatura'),(24,'Almanaque'),(25,'Biografia'),(26,'Botânica'),(27,'Gastronomia'),(28,'Culinária'),(29,'Medicina e Saúde'),(30,'Teoria literária'),(31,'Crítica musical'),(32,'Cultura árabe'),(33,'Cultura islâmica'),(34,'Infantil'),(35,'Argumentação'),(36,'Escrita'),(37,'Arte'),(38,'Arquitetura'),(39,'Fotografia'),(40,'Idade média'),(41,'Cultura medieval'),(42,'Literatura portuguesa'),(43,'Literatura medieval'),(44,'Teatro'),(45,'Política'),(46,'Ilustração e pintura'),(47,'Humor'),(48,'Bibliofilia'),(49,'Geografia'),(50,'Ecologia'),(51,'Criação'),(52,'Restauração'),(53,'Economia'),(54,'Cinema'),(55,'Literatura clássica'),(56,'Filosofia'),(57,'Semiótica'),(58,'Literatura africana'),(59,'Judaísmo'),(60,'Mitologia'),(61,'Entrevistas'),(62,'Estética'),(63,'Cultura grega'),(64,'Linguística'),(65,'Educação e Pedagogia'),(66,'Religião'),(67,'Jornalismo'),(68,'Patrimônio Histórico'),(69,'Cidadania'),(70,'Odorico Mendes'),(71,'Televisão'),(72,'Semântica'),(73,'Paleografia'),(74,'Censura'),(75,'Direito'),(76,'Cordel'),(77,'Cognição'),(78,'Livrarias'),(79,'Estudos Literários'),(80,'Fac-símile'),(81,'Produção acadêmica'),(82,'Aforismos'),(83,'Poesia concreta'),(84,'Urbanismo'),(85,'Biblioteconomia'),(86,'Hebraico'),(87,'Dicionário');

/*Table structure for table `livro_assunto` */

DROP TABLE IF EXISTS `livro_assunto`;

CREATE TABLE `livro_assunto` (
  `id_livro` int NOT NULL,
  `id_assunto` int NOT NULL,
  PRIMARY KEY (`id_livro`,`id_assunto`)
) ENGINE=InnoDB DEFAULT CHARSET=latin1 COMMENT='Assuntos do livro';

/*Data for the table `livro_assunto` */

insert  into `livro_assunto`(`id_livro`,`id_assunto`) values (1,14),(1,45),(1,53),(2,1),(2,22),(3,22),(3,23),(4,1),(4,6),(4,12),(4,22),(4,76),(5,13),(5,50),(5,65),(5,69),(6,1),(6,3),(7,22),(7,25),(8,6),(8,13),(8,14),(8,66),(9,6),(9,11),(9,16),(9,17),(9,36),(9,64),(10,6),(10,17),(10,32),(10,33),(11,1),(11,3),(12,1),(12,3),(13,22),(13,37),(13,54),(14,53),(14,56),(14,75),(15,12),(15,57),(15,64),(15,77),(16,1),(16,3),(16,6),(17,23),(17,30),(18,23),(18,45),(19,22),(19,42),(19,45),(20,17),(20,55),(20,56),(20,63),(21,17),(21,22),(21,23),(21,45),(22,16),(22,19),(22,20),(22,48),(23,6),(23,16),(23,19),(23,20),(23,48),(24,14),(24,16),(24,20),(25,6),(25,16),(25,19),(25,20),(25,78),(26,16),(26,19),(26,20),(26,48),(27,16),(27,19),(27,20),(27,48),(28,16),(28,19),(28,20),(28,48),(29,6),(29,16),(29,20),(29,67),(30,16),(30,17),(30,20),(31,12),(31,16),(31,17),(31,45),(32,6),(32,16),(32,17),(32,45),(32,74),(33,16),(33,20),(34,1),(34,3),(35,1),(35,15),(36,38),(36,52),(37,3),(38,5),(38,6),(38,37),(38,38),(38,46),(39,3),(39,6),(39,42),(40,1),(40,22),(41,1),(41,6),(41,9),(41,19),(41,23),(41,37),(42,9),(42,42),(43,4),(43,7),(43,44),(44,4),(44,7),(44,44),(44,47),(44,55),(45,14),(45,45),(45,53),(46,14),(46,45),(46,53),(47,6),(47,16),(47,18),(47,21),(48,3),(48,22),(48,40),(48,43),(49,1),(49,22),(49,30),(49,36),(50,1),(50,10),(50,22),(51,45),(51,56),(52,37),(52,46),(53,4),(53,13),(53,22),(54,6),(54,16),(54,17),(54,19),(54,20),(54,21),(54,25),(55,3),(55,22),(55,23),(56,1),(56,3),(57,6),(57,16),(57,17),(57,23),(57,30),(57,76),(58,6),(58,11),(58,17),(58,59),(58,63),(59,1),(59,15),(60,11),(60,14),(61,5),(61,7),(61,44),(61,55),(61,63),(62,22),(62,29),(62,42),(63,10),(63,31),(64,1),(64,3),(65,11),(65,37),(66,1),(66,6),(66,9),(67,1),(67,6),(67,9),(68,1),(68,2),(69,1),(69,9),(70,3),(70,6),(70,42),(71,4),(71,7),(71,44),(72,1),(72,22),(73,1),(73,6),(73,9),(73,47),(74,22),(74,23),(75,3),(75,22),(75,23),(75,30),(76,1),(76,22),(76,79),(77,14),(77,45),(77,53),(78,6),(78,11),(78,13),(78,45),(79,1),(79,2),(79,6),(79,21),(80,3),(80,22),(80,42),(80,80),(81,6),(81,11),(81,67),(82,1),(82,15),(82,44),(83,15),(83,23),(84,1),(84,2),(84,11),(85,1),(85,22),(86,3),(86,22),(86,40),(86,43),(87,3),(88,4),(88,22),(88,32),(89,22),(90,22),(90,42),(91,1),(91,9),(92,22),(92,23),(93,1),(93,3),(93,6),(94,1),(94,6),(94,9),(95,22),(95,23),(95,30),(96,1),(96,3),(97,6),(97,26),(97,27),(97,28),(98,6),(98,29),(98,54),(99,12),(99,36),(99,81),(100,7),(100,10),(100,11),(101,6),(101,38),(102,1),(102,3),(102,6),(103,1),(103,15),(104,1),(104,6),(104,44),(105,3),(105,23),(106,3),(106,4),(106,5),(106,7),(107,1),(107,15),(108,9),(108,23),(109,6),(109,11),(109,17),(109,25),(110,1),(110,15),(111,3),(111,6),(111,12),(112,16),(112,17),(112,20),(112,48),(113,1),(113,3),(114,1),(114,3),(115,6),(115,13),(115,17),(115,45),(116,1),(116,3),(116,22),(117,1),(117,2),(117,3),(117,6),(117,14),(117,15),(118,1),(118,15),(119,1),(119,15),(120,1),(120,6),(120,47),(120,82),(121,5),(121,7),(121,44),(121,55),(121,63),(122,3),(122,5),(122,6),(122,7),(122,40),(122,41),(122,55),(123,5),(123,7),(123,55),(123,66),(124,6),(124,13),(124,17),(124,45),(125,1),(125,3),(126,1),(126,3),(127,10),(128,1),(128,3),(129,1),(129,22),(129,25),(130,1),(130,6),(130,15),(131,1),(131,3),(131,6),(132,1),(132,4),(132,22),(133,6),(133,9),(133,23),(133,40),(133,41),(133,42),(133,43),(134,14),(134,67),(135,9),(135,23),(136,16),(136,20),(137,1),(137,3),(138,3),(139,1),(139,3),(139,6),(140,6),(140,17),(140,45),(141,12),(141,57),(141,64),(142,6),(142,14),(142,17),(142,44),(142,66),(143,10),(143,31),(144,3),(144,4),(144,5),(144,82),(145,1),(145,22),(146,6),(146,11),(146,14),(146,16),(146,78),(147,1),(147,15),(148,3),(148,6),(148,23),(149,10),(149,31),(150,22),(150,58),(151,6),(151,8),(151,37),(152,5),(152,16),(152,40),(152,41),(152,48),(153,37),(153,46),(153,47),(154,37),(154,56),(155,4),(155,7),(155,9),(156,22),(156,23),(157,3),(157,42),(158,3),(158,22),(158,37),(158,42),(158,79),(159,3),(159,4),(159,6),(159,30),(159,42),(159,44),(160,1),(160,3),(160,6),(160,83),(161,1),(161,3),(162,7),(162,22),(162,23),(163,14),(163,45),(163,53),(164,1),(164,3),(165,16),(165,17),(165,40),(165,64),(165,73),(166,6),(166,17),(166,45),(166,54),(167,13),(167,45),(168,22),(168,58),(169,6),(169,8),(169,14),(169,60),(170,1),(170,22),(170,42),(170,58),(171,8),(171,22),(171,54),(172,6),(172,38),(172,68),(172,84),(173,1),(173,22),(174,6),(174,38),(174,52),(174,68),(175,3),(175,4),(175,5),(176,17),(176,27),(177,4),(177,7),(177,15),(178,8),(178,22),(178,23),(178,30),(179,6),(179,16),(179,19),(180,1),(180,22),(181,4),(181,8),(181,22),(182,3),(183,1),(183,3),(184,4),(184,6),(184,9),(185,1),(185,9),(186,10),(186,25),(187,6),(187,38),(187,52),(187,84),(188,6),(188,13),(188,17),(188,45),(189,6),(189,12),(189,56),(189,64),(190,1),(190,6),(190,9),(191,4),(191,22),(192,3),(192,4),(192,5),(192,6),(192,7),(192,18),(193,1),(193,3),(194,1),(194,22),(195,22),(196,17),(196,39),(197,6),(197,17),(197,39),(198,1),(198,15),(199,6),(199,9),(199,42),(200,1),(200,3),(201,1),(201,6),(201,22),(201,25),(202,65),(203,45),(204,1),(204,2),(205,1),(205,15),(206,22),(206,30),(206,64),(207,1),(207,3),(208,38),(208,52),(209,38),(209,52),(210,1),(210,3),(211,1),(211,3),(212,1),(212,6),(212,14),(212,16),(212,76),(213,4),(214,6),(214,20),(214,22),(214,83),(215,1),(215,15),(216,4),(216,22),(217,22),(217,23),(217,30),(218,17),(218,45),(219,1),(219,15),(220,1),(220,22),(221,37),(221,56),(222,1),(222,9),(223,1),(223,3),(223,6),(224,1),(224,3),(224,6),(225,16),(225,85),(226,13),(226,17),(226,45),(226,76),(227,1),(227,15),(228,3),(228,4),(228,5),(228,7),(229,12),(229,14),(229,23),(229,57),(230,6),(230,37),(230,38),(230,57),(231,1),(231,22),(231,57),(232,1),(232,22),(233,1),(233,6),(233,9),(234,3),(234,6),(234,42),(235,4),(235,6),(235,7),(235,9),(235,11),(236,1),(236,3),(236,6),(236,37),(237,1),(237,3),(238,1),(238,15),(239,6),(239,32),(239,33),(239,37),(239,66),(240,1),(240,3),(241,1),(241,6),(241,15),(242,6),(242,54),(242,61),(243,6),(243,13),(243,45),(243,53),(243,69),(244,13),(244,45),(244,53),(245,1),(245,5),(245,9),(246,3),(246,4),(246,5),(247,1),(247,3),(247,6),(248,1),(248,3),(249,3),(249,6),(249,42),(250,1),(250,15),(251,37),(251,46),(252,37),(252,46),(253,6),(253,37),(253,44),(253,56),(254,6),(254,44),(255,4),(255,6),(255,22),(255,44),(256,1),(256,3),(257,8),(257,11),(257,13),(258,6),(258,17),(258,39),(259,1),(259,3),(259,30),(259,83),(260,38),(260,52),(261,4),(261,6),(261,7),(261,9),(262,1),(262,2),(262,17),(263,11),(263,29),(264,1),(264,6),(264,9),(265,1),(265,3),(266,12),(266,17),(266,37),(267,10),(267,25),(268,1),(268,3),(269,13),(269,45),(269,56),(269,66),(270,1),(270,11),(270,67),(271,44),(271,60),(272,14),(272,54),(273,4),(273,7),(273,9),(274,7),(274,20),(274,86),(275,1),(275,3),(275,22),(276,3),(277,1),(277,11),(277,22),(278,17),(278,22),(278,42),(279,5),(279,44),(279,55),(280,1),(280,15),(281,1),(281,6),(281,9),(282,6),(282,12),(282,71),(283,1),(283,9),(284,1),(284,3),(285,3),(285,4),(285,5),(285,7),(286,1),(286,6),(286,9),(287,1),(287,15),(288,14),(288,22),(288,38),(289,1),(289,6),(289,15),(290,1),(290,3),(291,11),(292,1),(292,2),(292,6),(292,11),(292,15),(293,1),(293,3),(293,6),(294,1),(294,3),(294,6),(295,1),(295,6),(295,11),(296,1),(296,9),(297,1),(297,44),(298,6),(298,9),(298,42),(299,1),(299,6),(299,9),(300,1),(300,9),(301,1),(301,3),(301,6),(301,83),(302,1),(302,15),(303,64),(303,87),(304,10),(304,31),(305,6),(305,11),(305,85),(306,6),(306,16),(306,19),(306,20),(306,21),(307,5),(307,6),(307,9),(307,23),(307,45),(308,1),(308,6),(308,9),(309,1),(309,2),(310,3),(310,4),(310,5),(310,6),(310,7),(311,6),(311,8),(312,1),(312,9),(313,6),(313,10),(314,1),(314,11),(315,6),(315,10),(315,11),(316,1),(316,9),(317,12),(317,13),(317,14),(318,1),(318,15),(319,6),(319,16),(319,17),(319,18),(319,19),(319,20),(319,21),(320,22),(320,23),(321,6),(321,18),(321,19),(321,21),(321,24),(322,1),(322,3),(323,1),(323,22),(324,6),(324,11),(324,25),(324,26),(325,27),(325,28),(325,29),(326,1),(326,3),(327,6),(327,11),(327,29),(328,1),(328,6),(328,15),(329,1),(329,3),(330,3),(330,4),(330,5),(331,4),(331,22),(332,1),(332,3),(333,3),(334,22),(334,23),(334,30),(335,10),(335,31),(336,22),(336,30),(336,32),(336,33),(337,1),(337,6),(337,34),(338,22),(338,30),(339,1),(339,3),(340,12),(340,35),(340,36),(341,3),(341,22),(341,32),(342,6),(342,16),(342,18),(342,19),(342,21),(343,6),(343,8),(343,37),(344,6),(344,38),(345,1),(345,6),(345,15),(345,39),(346,22),(346,23),(346,30),(347,1),(347,6),(347,9),(348,6),(348,40),(348,41),(348,42),(348,43),(348,44),(349,1),(349,22),(350,1),(350,15),(351,3),(352,1),(352,11),(353,6),(353,10),(353,11),(353,25),(354,16),(354,17),(354,45),(355,37),(355,46),(355,47),(356,1),(356,11),(357,16),(357,48),(358,22),(358,23),(359,1),(359,6),(359,11),(360,1),(360,15),(361,1),(361,6),(361,9),(362,4),(362,22),(363,6),(363,14),(364,6),(364,49),(364,50),(365,11),(365,45),(366,1),(366,3),(366,4),(366,5),(367,4),(367,22),(368,1),(368,6),(368,11),(369,3),(369,4),(369,5),(369,6),(369,7),(370,1),(370,3),(371,1),(371,22),(372,22),(372,42),(373,1),(373,3),(374,6),(374,16),(374,19),(374,20),(374,21),(374,46),(374,51),(375,6),(375,16),(375,19),(375,21),(375,25),(375,37),(376,1),(376,6),(376,9),(377,17),(377,37),(377,38),(377,52),(378,1),(378,11),(379,11),(380,11),(381,1),(381,3),(381,6),(382,1),(382,6),(382,9),(383,16),(384,14),(384,17),(384,53),(385,38),(385,52),(386,1),(386,9),(387,1),(387,15),(388,1),(388,15),(388,47),(389,3),(389,23),(390,37),(390,46),(390,47),(391,1),(391,9),(392,3),(393,8),(393,22),(393,30),(393,54),(394,1),(394,11),(395,1),(395,6),(395,15),(396,1),(396,3),(397,1),(397,9),(398,6),(398,9),(398,42),(399,1),(399,6),(399,15),(400,3),(400,6),(401,1),(401,22),(402,3),(402,6),(402,42),(403,6),(403,16),(403,18),(403,19),(403,21),(403,46),(404,1),(404,3),(405,1),(405,6),(405,9),(406,22),(406,44),(406,55),(407,4),(407,9),(408,1),(408,3),(409,56),(410,4),(410,6),(410,7),(410,15),(410,34),(411,1),(411,8),(411,15),(412,6),(412,12),(412,57),(413,1),(413,3),(414,6),(414,42),(415,1),(415,22),(416,1),(416,6),(416,8),(416,22),(416,57),(417,37),(417,46),(418,1),(418,15),(419,1),(419,6),(419,9),(420,6),(420,17),(420,27),(420,28),(421,10),(421,31),(422,1),(422,17),(422,22),(423,4),(423,22),(424,1),(424,2),(425,1),(425,2),(425,11),(426,22),(426,40),(426,41),(426,43),(427,16),(427,17),(427,19),(427,48),(428,1),(428,3),(429,25),(430,1),(430,3),(431,22),(431,23),(432,1),(432,22),(432,42),(432,58),(433,1),(433,3),(434,1),(434,9),(435,3),(435,6),(435,10),(435,45),(436,6),(436,16),(436,18),(436,19),(436,21),(437,12),(437,21),(437,23),(437,36),(437,51),(438,1),(438,3),(439,1),(439,9),(440,6),(440,17),(440,59),(440,60),(441,1),(441,15),(442,3),(442,6),(442,42),(443,22),(443,23),(444,11),(444,54),(444,61),(445,25),(446,4),(446,7),(446,9),(447,1),(447,9),(448,22),(448,40),(448,41),(448,43),(448,62),(449,1),(449,6),(449,9),(450,6),(450,49),(450,50),(451,1),(451,22),(452,3),(452,4),(452,5),(452,7),(453,17),(453,22),(453,40),(453,41),(453,43),(454,6),(454,22),(454,25),(455,7),(455,14),(455,53),(456,4),(456,22),(456,25),(457,6),(457,16),(457,17),(458,6),(458,38),(459,6),(459,38),(460,6),(460,11),(461,22),(462,6),(462,20),(463,1),(463,3),(463,6),(464,1),(464,9),(465,5),(465,7),(465,44),(465,55),(465,63),(466,6),(466,44),(466,55),(466,63),(467,12),(467,57),(467,64),(468,10),(468,57),(469,22),(469,23),(470,5),(470,6),(470,7),(470,11),(470,37),(471,37),(471,39),(472,1),(472,2),(473,1),(473,9),(474,10),(474,31),(475,65),(476,1),(476,9),(477,1),(477,9),(477,66),(478,22),(478,23),(479,2),(479,3),(479,6),(479,15),(479,22),(479,23),(480,11),(480,67),(481,3),(481,5),(481,7),(481,47),(481,55),(482,22),(482,23),(482,30),(483,1),(483,6),(483,47),(484,1),(484,6),(484,9),(485,1),(485,15),(486,1),(486,22),(486,66),(487,6),(487,37),(487,38),(488,1),(488,3),(489,22),(489,23),(490,10),(490,37),(490,57),(491,6),(491,11),(491,17),(491,44),(492,1),(492,22),(493,1),(493,22),(493,42),(494,6),(494,22),(494,25),(495,3),(495,4),(495,8),(495,22),(496,3),(496,4),(496,5),(496,6),(496,7),(496,9),(497,1),(497,15),(498,1),(498,3),(499,6),(499,40),(499,41),(499,42),(499,43),(499,44),(500,1),(500,6),(500,9),(500,23),(501,1),(501,6),(501,15),(501,34),(502,1),(502,3),(503,22),(503,23),(503,51),(504,14),(504,17),(504,22),(504,44),(504,62),(505,1),(505,15),(506,1),(506,11),(507,1),(507,15),(508,4),(508,22),(509,1),(509,3),(510,6),(510,16),(510,18),(510,19),(510,20),(510,21),(511,6),(511,11),(511,17),(511,39),(512,1),(512,3),(513,25),(514,6),(514,11),(514,38),(514,68),(515,25),(516,13),(516,14),(516,53),(517,13),(517,69),(518,4),(518,22),(519,3),(519,5),(519,7),(519,55),(519,70),(520,11),(520,61),(521,3),(521,23),(522,6),(522,40),(522,41),(522,42),(522,43),(522,44),(523,1),(523,6),(523,15),(524,37),(524,46),(525,14),(525,71),(526,1),(526,22),(527,38),(527,52),(528,13),(528,45),(528,53),(529,13),(529,45),(530,2),(530,16),(530,48),(531,3),(531,22),(531,23),(531,72),(532,3),(532,5),(532,6),(532,22),(532,60),(533,3),(533,4),(533,5),(533,6),(533,7),(534,17),(534,23),(534,64),(534,73),(535,4),(535,6),(535,7),(535,9),(536,6),(536,13),(536,17),(536,45),(537,1),(537,15),(538,5),(538,6),(538,7),(538,19),(538,34),(538,37),(538,46),(538,47),(539,1),(539,3),(540,4),(540,9),(540,25),(541,1),(541,3),(541,6),(542,1),(542,3),(543,1),(543,3),(544,17),(544,40),(544,41),(544,54),(545,13),(545,45),(546,1),(546,3),(547,6),(547,9),(547,42),(548,14),(548,54),(549,13),(549,45),(549,53),(550,6),(550,17),(550,59),(551,1),(551,7),(551,15),(551,59),(552,6),(552,11),(552,16),(552,17),(552,45),(552,67),(552,74),(553,11),(553,66),(554,6),(554,13),(554,17),(554,45),(554,50),(554,67),(554,69),(554,75),(555,6),(555,12),(555,57),(556,11),(556,17),(556,22),(557,1),(557,6),(557,9),(558,1),(558,2),(558,17),(559,32),(559,56),(560,1),(560,3),(560,6),(561,8),(561,22),(562,35),(562,64),(562,72),(563,1),(563,15),(564,3),(564,17),(564,22),(564,42),(565,1),(565,3),(566,1),(566,6),(566,9),(567,11),(567,25),(567,56),(568,4),(568,22),(568,56),(569,3),(570,1),(570,15),(571,4),(571,22),(572,1),(572,22),(573,13),(573,37),(573,46),(573,59),(574,3),(574,4),(574,5),(574,7),(574,60),(575,3),(575,4),(575,5),(575,7),(576,3),(577,1),(577,15),(578,1),(578,3),(578,6);

/*Table structure for table `livros` */

DROP TABLE IF EXISTS `livros`;

CREATE TABLE `livros` (
  `id` int NOT NULL AUTO_INCREMENT,
  `isbn` varchar(25) NOT NULL,
  `titulo` varchar(150) CHARACTER SET latin1 COLLATE latin1_swedish_ci NOT NULL,
  `autores` varchar(150) NOT NULL,
  `valor` decimal(10,2) NOT NULL DEFAULT '0.00',
  PRIMARY KEY (`id`)
) ENGINE=InnoDB AUTO_INCREMENT=579 DEFAULT CHARSET=latin1 COMMENT='Cadastro de livros';

/*Data for the table `livros` */

insert  into `livros`(`id`,`isbn`,`titulo`,`autores`,`valor`) values (1,'978-85-7480-652-5','Lei n. 12.343 de 2 de Dezembro de 2010','-','38.00'),(2,'85-7480-257-3','Leitor Segundo G.H., O - Uma Análise do Romance A Paixão Segundo G.H. de Clarice Lispector','Emília Amaral','48.00'),(3,'978-85-7480-371-5','Leituras Desarquivadas','João Alexandre Barbosa','56.00'),(4,'978-85-7480-834-5','Leituras Imediatas','Jerusa Pires Ferreira','33.00'),(5,'978-85-7480-473-6','Leituras Indispensáveis 2','Aziz Ab Sáber','23.00'),(6,'85-85851-42-2','Lembranças de Esquecer','Camilo Guimarães','29.80'),(7,'85-7480-092-9','Leniza & Elis','Ariovaldo José Vidal, Joaquim Alves de Aguiar','44.00'),(8,'85-85851-69-4','Leopardo dos Olhos de Fogo','Carlos Eugênio Marcondes de Moura','52.00'),(9,'978-85-7480-414-9','Letras e Memória - Uma Breve História da Escrita','Adovaldo Fernandes Sampaio','98.00'),(10,'978-85-7480-759-1','Leão, o Africano','Murilo Sebe Bon Meihy','51.00'),(11,'978-85-7480-445-3','Lições de Taxidermia','Fernando Antônio Dusi Rocha','45.00'),(12,'978-85-7480-468-2','Lições do Acaso','Luis Carlos de Menezes','45.00'),(13,'978-85-7480-556-6','Lição Aproveitada, A - Modernismo e Cinema em Mário de Andrade','João Manuel dos Santos Cunha','48.00'),(14,'978-85-7480-476-7','Liberalismo e Natureza - A Propriedade em John Locke','Rodrigo Suzuki Cintra','45.00'),(15,'978-85-7480-526-9','Linguística Cognitiva - Uma Visão Geral e Aplicada','Antônio Suárez Abreu','43.00'),(16,'978-85-7480-675-4','Lira dos Vinte Anos','Álvares de Azevedo, José Emílio Major Neto','43.00'),(17,'85-85851-55-4','Literatulogia','Janilto Andrade','26.00'),(18,'978-85-7480-627-3','Literatura Comparada e Relações Comunitárias, Hoje','Benjamin Abdala Jr.','50.00'),(19,'978-85-7480-680-8','Literatura e Memória Política - Angola. Brasil. Moçambique. Portugal','Benjamin Abdala Jr., Rejane Vecchia Rocha e Silva','52.00'),(20,'978-85-7480-800-0','Literatura Grega: Irradiações','Donaldo Schüler','57.00'),(21,'978-85-7480-769-0','Literatura, História e Política (3a. ed.)','Benjamin Abdala Jr.','65.00'),(22,'2179-801X','Livro - Revista do NELE','NELE - Núcleo de Estudos do Livro e da Edição/USP','33.00'),(23,'2179-801x','Livro 7/8 - revista do NELE','NELE - Núcleo de Estudos do Livro e da Edição/USP','88.00'),(24,'85-7480-178-X','Livro e Liberdade','Luciano Canfora','31.00'),(25,'2179-801x','Livro n. 6 - Revista do NELE','NELE - Núcleo de Estudos do Livro e da Edição/USP','88.00'),(26,'2179-801X','Livro n.3 - Revista do NELE','NELE - Núcleo de Estudos do Livro e da Edição/USP','53.00'),(27,'2179-801X','Livro n.4 - Revista do NELE','NELE - Núcleo de Estudos do Livro e da Edição/USP','55.00'),(28,'977-21-7980-100-9','Livro n.5 - Revista do NELE','NELE - Núcleo de Estudos do Livro e da Edição/USP','77.00'),(29,'85-7480-082-1','Livro no Jornal, O','Isabel Travancas','42.00'),(30,'978-85-7480-694-5','Livros e Leituras na Espanha do Século de Ouro','Antonio Castillo Gómez','49.00'),(31,'978-85-7480-743-0','Livros e Subversão - Seis Estudos','Sandra Reimão','52.00'),(32,'85-7480-071-6','Livros Proibidos, Ideias Malditas','Maria Luiza Tucci Carneiro','57.00'),(33,'978-85-7480-356-2','Livros, Editoras & Projetos','Jerusa Pires Ferreira, Jacó Guinsburg, Plinio Martins Filho, Maria Otilia Bocchini','30.00'),(34,'978-85-7480-436-1','Lodo','Luis Dolhnikoff','62.00'),(35,'85-7480-113-5','Lâmina do Tempo','Moacyr Godoy Moreira','37.50'),(36,'978-85-7480-633-4','Lâmpada da Memória, A','John Ruskin','38.00'),(37,'978-85-7480-796-6','Luci Collin - Antologia Poética (1984-2018)','Luci Collin','39.90'),(38,'978-85-7480-439-2','Lugar, Tempo, Olhar - Arte Brasileira na França Românica','Anne Louyot','75.00'),(39,'978-85-7480-802-4','Lusíadas, Os - Episódios','Luís de Camões, Ivan Teixeira','39.00'),(40,'978-85-7480-508-5','Machado e Rosa - Leituras Críticas','Marli Fantini Scarpelli','85.00'),(41,'978-85-7480-750-8','Macunaíma','Mário de Andrade','310.00'),(42,'85-7480-044-9','Maias, Os','Eça de Queirós','83.00'),(43,'85-7480-042-2','Males do Tabaco e Outras Peças em um Ato, Os','Anton Tchékhov','34.00'),(44,'978-85-7480-842-0','Males do Tabaco, Os (3a. ed.)','Anton Tchékhov','39.00'),(45,'978-85-7480-650-1','Malhas da Cultura 1, As','José Guilherme Pereira Leite','43.00'),(46,'978-85-7480-651-8','Malhas da Cultura 2, As','José Guilherme Pereira Leite','45.00'),(47,'978-85-7480-518-4','Manuais de Desenho da Escrita, Os','Maria Helena Werneck Bomeny','210.00'),(48,'85-7480-159-3','Manual de Versificação Românica Medieval','Segismundo Spina','41.00'),(49,'978-85-7480-774-4','Manual do Estilo Desconfiado','Fernando Paixão','36.00'),(50,'978-85-7480-386-9','Manuel Bandeira e a Música - com Três Poemas Visitados','Pedro Marques','42.00'),(51,'85-7480-116-X','Marca do Leviatã, A - Linguagem e Poder em Hobbes','Renato Janine Ribeiro','42.00'),(52,'978-85-7480-447-7','Mariannita Luzzati','Gabriel Pérez Barreiro','41.00'),(53,'978-85-7480-453-8','Marx, Zola e a Prosa Realista','Salete de Almeida Cara','46.00'),(54,'978-85-7480-839-0','MASSAO OHNO, Editor','Massao Ohno, Jose Armando Pereira da Silva','180.00'),(55,'978-85-7480-726-3','Matéria Lítica: Drummond, Cabral, Neruda e Paz','Mario Higa','52.00'),(56,'85-7480-144-5','Matinas & Bagatelas','Maria do Carmo Campos','49.00'),(57,'978-85-7480-676-1','Matrizes Impressas do Oral: Conto Russo no Sertão','Jerusa Pires Ferreira','68.00'),(58,'978-85-7480-351-7','Matzá com Moussaká - Histórias de Judeus e Gregos','Táki Athanássios Cordás','52.00'),(59,'85-85851-34-1','Máquina Peluda, A','Ademir Assunção','42.00'),(60,'85-7060-464-5','Mário, Otávio - Cartas de Mário de Andrade a Otávio Dias Leite','Marcos Antonio de Moraes','42.00'),(61,'978-85-7480-658-7','Medeia','Trupersa - Trupe de Tradução de Teatro Antigo, Eurípides','42.00'),(62,'85-7480-203-4','Medicina de Os Lusíadas, A','Pedro Nava','32.00'),(63,'978-85-7480-502-3','Melancolias, Mercadorias: Dorival Caymmi, Chico Buarque, o Pregão de Rua e a Canção Popular-Comercial no Brasil','Walter Garcia','56.00'),(64,'978-85-7480-519-1','Memória Futura','Paulo Franchetti','35.00'),(65,'85-7480-041-4','Memórias Biográficas de Pintores Extraordinários','William Beckford','36.00'),(66,'978-85-7480-728-7','Memórias de um Sargento de Milícias','Mamede Mustafa Jarouche, Manuel Antônio de Almeida','42.00'),(67,'978-85-7480-598-6','Memórias Póstumas de Brás Cubas','Antonio Medina Rodrigues, Machado de Assis','39.00'),(68,'85-7480-101-1','Memorial de Mogi das Cruzes','José Sebastião Witter','48.00'),(69,'85-7480-018-X','Memorial de um Herege','Samuel Reibscheid','45.00'),(70,'978-85-7480-702-7','Mensagem','António Apolinário Lourenço, Fernando Pessoa','41.00'),(71,'978-85-7480-542-9','Meu Fausto (Esboços)','Paul Valéry','49.00'),(72,'85-7480-315-4','Milton Hatoum - Itinerário para um Certo Relato','Marleine Paula Marcondes e Ferreira de Toledo','42.00'),(73,'85-7480-302-2','Mistério do Leão Rampante, O','Rodrigo Lacerda','92.00'),(74,'85-7480-252-2','Mistérios do Dicionário','João Alexandre Barbosa','58.00'),(75,'978-65-5580-008-1','Modernidade entre Tapumes, A','Vagner Camilo','112.00'),(76,'978-85-7480-697-6','Modernização pelo Avesso - Impasses da Representação Literária em Os Contos de Belazarte, de Mário de Andrade','Wilson José Flores Jr.','46.00'),(77,'978-85-7480-653-2','Moeda da Arte, A - A Dinâmica dos Campos Artístico e Econômico no Patrocínio','Eduardo Fragoaz','69.50'),(78,'978-85-7480-788-1','Moleque de Fábrica - Uma Arqueologia da Memória Social','José de Souza Martins','82.00'),(79,'85-7480-265-4','Morte aos Papagaios','Gustavo Piqueira','62.00'),(80,'85-7480-312-X','Música do Parnaso','Manuel Botelho de Oliveira, Ivan Teixeira','115.00'),(81,'85-7480-106-2','Muita Sorte & Pouco Juízo','José Roberto de Alencar','36.00'),(82,'978-85-7480-326-5','Mulher no Escuro, A','Cláudia Vasconcellos','42.00'),(83,'978-85-7480-733-1','Mulheres de Passagem','M. A. Amaral Rezende','41.00'),(84,'978-65-5580-006-7','Museu da Infância Eterna','Miguel Sanches Neto','40.00'),(85,'85-7480-053-8','Na Conquista do Brasil','Donaldo Schüler','52.00'),(86,'85-7480-054-6','Na Madrugada das Formas Poéticas','Segismundo Spina','36.00'),(87,'978-85-7480-776-8','Na Pureza do Sacrilégio','Carlos Cardoso','58.00'),(88,'978-85-7480-472-9','Na Senda das Noites: Os Quatro Talismãs de Charles Nodier e Les mille et une nuits','Christiane Damien','51.00'),(89,'978-85-7480-504-7','Nações Literárias','Wander Melo Miranda','52.00'),(90,'85-7480-191-7','Narciso em Sacrifício - A Poética de Mário de Sá-Carneiro','Fernando Paixão','48.00'),(91,'85-7480-311-1','Nas Águas do Mesmo Rio','Giselda Leirner','38.00'),(92,'978-85-7480-408-8','Nas Tramas da Ficção - História, Literatura e Leitura','Clóvis Gruner, Cláudio DeNipoti','52.00'),(93,'978-85-7480-782-9','Nebulosa, A','Joaquim Manuel de Macedo','39.80'),(94,'978-85-7480-433-0','Neguinho','Guga Stroeter','48.00'),(95,'978-85-7480-812-3','Nós e as Palavras','Luís Bueno','62.00'),(96,'85-7480-260-3','No Fim das Terras','Milton Torres','76.00'),(97,'85-7480-232-8','No Rastro de Afrodite - Plantas Afrodisíacas e Culinária','Gil Felippe','90.00'),(98,'978-85-7480-452-1','Nome do Cuidado, O','Leo Lama, Paulo Hersch Rosenbaum','38.00'),(99,'85-7480-108-9','Normas Gerais para os Trabalhos de Grau','Segismundo Spina','28.00'),(100,'85-7480-180-1','Notícia Histórica da Vida e das Obras de José Haydn','J. Le Breton','34.00'),(101,'85-7480-220-4','Novas Tecnologias - EGC Arquitetura','Renato Schroeder','25.00'),(102,'978-85-7480-761-4','Nove Degraus para o Esquecimento','Aguinaldo Gonçalves','82.00'),(103,'85-7480-052-X','Novelas, Espelhos e um Pouco de Choro','Thelma Guedes','52.00'),(104,'978-85-7480-707-2','Noviço, O','José de Paula Ramos Jr., Martins Pena','28.50'),(105,'978-85-7480-747-8','Novos Poemas','Carlos Vogt','66.00'),(106,'978-85-7480-824-6','O Azul e o Mar','Paul Valéry, Eduardo de Campos Valadares','56.00'),(107,'978-85-7480-798-0','O Hóspede','Mario Higa','38.00'),(108,'978-85-7480-818-5','O Língua','Eromar Bomfim','40.00'),(109,'978-85-7480-826-0','O Pai - 6a edição','Dirce de Assis Cavalcanti','48.00'),(110,'85-7480-023-6','O Que Aconteceu, Aconteceu','Jacó Guinsburg','45.00'),(111,'978-85-7480-561-0','O Que É Comunicação Poética','Décio Pignatari','36.00'),(112,'978-85-7480-830-7','O Que É Um Livro?','João Adolfo Hansen','32.00'),(113,'85-85851-41-4','O Um','Bruno Verner','48.00'),(114,'978-65-5580-022-7','Obras Poéticas de Alvarenga Peixoto','Caio Cesar Esteves de Souza, Alvarenga Peixoto','88.00'),(115,'978-85-7480-816-1','Octávio Brandão e as Matrizes Intelectuais do Marxismo no Brasil','Felipe Castilho de Lacerda','45.00'),(116,'978-85-7480-424-8','Olga Savary - Erotismo e Paixão','Marleine Paula Marcondes e Ferreira de Toledo','52.00'),(117,'978-85-7480-347-0','Olhares Desatentos','Sérgio Sesiki','42.00'),(118,'978-85-7480-435-4','Olhares Plausíveis','Gregório Bacic','32.00'),(119,'85-7480-080-5','Olho Vesgo, O','Tiago Mussi','28.00'),(120,'978-85-7480-431-6','Orações Insubordinadas','Carlos Castelo','59.00'),(121,'978-85-7480-766-9','Orestes','Eurípides, Trupersa - Trupe de Tradução de Teatro Antigo','47.00'),(122,'978-85-7480-529-0','Orlando Furioso - Tomo I','Ludovico Ariosto','138.00'),(123,'978-65-5580-011-1','Os Evangelhos - Uma Tradução','Marcelo Musa Cavallari','125.00'),(124,'978-85-7480-667-9','Outra Guerra do Fim do Mundo, A','Osvaldo Coggiola','48.00'),(125,'978-85-7480-374-6','Outra Língua','Henryk Siewierski','36.00'),(126,'978-85-7480-528-3','Outro Lado do Vento, O','Wassily Chuck','46.00'),(127,'85-7480-268-9','Ouvir o Som','Paulo Zuben','54.00'),(128,'978-85-7480-375-3','País em Branco','Ricardo Rizzo','36.00'),(129,'85-7480-169-0','Pagu - Literatura e Revolução','Thelma Guedes','48.00'),(130,'978-85-7480-568-9','Pai de Max Bauer e Outros Contos, O','Marcos Rodrigues','42.00'),(131,'978-85-7480-450-7','Palavra e Rosto','Fernando Paixão','58.00'),(132,'978-85-7480-467-5','Palavra e Sombra - Ensaios de Crítica','Arthur Nestrovski','38.00'),(133,'978-85-7480-735-5','Palmeirim de Inglaterra','Francisco de Moraes, Lênia Márcia Mongelli','199.00'),(134,'85-7480-025-2','Papel-Jornal - Artigos de Jornalismo Cultural','Marcello Rollemberg','36.00'),(135,'978-85-7480-819-2','Paradeiro','Luís Bueno','52.00'),(136,'978-85-7480-458-3','Paratextos Editoriais','Gérard Genette','91.00'),(137,'85-7480-277-8','Périplos','Simone Homem de Mello','52.00'),(138,'978-85-7480-757-7','Parsona','Adriano Scandolara','44.90'),(139,'85-7480-306-5','Parte da Tarde, A','Fernando Paixão','56.00'),(140,'978-85-7480-768-3','Pas de Politique Mariô! Mario Pedrosa e a Política','Dainis Karepovs','51.00'),(141,'978-85-7480-844-4','Passos da Semiótica Tensiva','Luiz Tatit','45.00'),(142,'978-85-7480-672-3','Pastorinhas de Pirenópolis-GO, As','Lênia Márcia Mongelli, Neide Rodrigues Gomes','78.00'),(143,'978-85-7480-745-4','Paulinho da Viola e o Elogio do Amor','Eliete Eça Negreiros','48.00'),(144,'85-7480-143-7','Pedras Pensadas','Adolfo Montejo Navas','53.00'),(145,'85-7480-202-6','Pedro Nava e a Construção do Texto','Edina Panichi, Miguel Luiz Contani','48.00'),(146,'978-85-7480-420-0','Pequeno Guia Histórico das Livrarias Brasileiras','Ubiratan Machado','53.00'),(147,'85-7480-186-0','Pequeno Livro do Cerrado, O','Gil Perini','34.00'),(148,'978-65-5580-020-3','Pequeno Palco','Ricardo Lima','32.00'),(149,'85-85851-46-5','Pequeno Pomo ou a História da Música do Pós-Modernismo, O','Boudewijn Buckinx','38.00'),(150,'85-7480-276-X','Percursos pela África e por Macau','Benilde Justo Caniato','41.00'),(151,'978-85-7480-423-1','Perseu, Medusa & Camille Claudel - Sobre a Experiência de Captura Estética','Ada Morgenstern','58.00'),(152,'978-85-7480-368-5','Philobiblon ou O Amigo do Livro','Marcelo Castel Cid','53.00'),(153,'85-7480-266-2','Pincelagens & Debuxos / Debuxos & Pincelagens','Hélio Cabral','78.00'),(154,'978-85-7480-806-2','Pintura como Modelo para uma Filosofia da Expressão','Ana Westphal','39.00'),(155,'85-7480-246-8','Poema dos Lunáticos, O','Ermanno Cavazzoni','60.00'),(156,'85-7480-028-7','Poema, O: Leitores e Leituras','Andrea Saad Hossne, Ivone Daré Rabello, Viviana Bosi, Cláudia Arruda Campos','38.00'),(157,'978-85-7480-509-2','Poemas Reunidos','Mario Higa, Cesário Verde','40.00'),(158,'978-85-7480-699-0','Poesia como Pintura, A - A Ekphrasis em Albano Martins','Álvaro Cardoso Gomes','42.00'),(159,'978-85-7480-716-4','Poesia É Criação: Uma Antologia','José de Almada Negreiros','63.00'),(160,'85-7480-119-4','Poesia Pois É Poesia','Décio Pignatari','96.00'),(161,'978-85-7480-400-2','Poesias','Segismundo Spina','38.00'),(162,'85-7480-189-5','Poetas Românticos, Críticos e Outros Loucos','Charles Rosen','59.00'),(163,'978-85-7480-630-3','Política Cultural e Economia da Cultura','José Carlos Durand','45.00'),(164,'85-7480-035-X','Pontuação Circense','Ésio Macedo','32.00'),(165,'85-7480-303-0','Por Minha Letra e Sinal - Documentos do Ouro do Século XVII','Heitor Megale, Sílvio de Almeida Toledo Neto','86.00'),(166,'978-65-5580-009-8','Por um Cinema Popular - Leon Hirszman, Política e Resistência','Gustavo Piqueira, Reinaldo Cardenuto','88.00'),(167,'85-7480-196-8','Por uma Nova Política - Uma Campanha na SBPC','Renato Janine Ribeiro','42.00'),(168,'978-85-7480-457-6','Portanto... Pepetela','Rita Chaves, Tania Macêdo','54.00'),(169,'85-7480-096-1','Portas do Sonho, As','Adélia Bezerra de Meneses','65.00'),(170,'85-7480-245-X','Portos Flutuantes - Trânsitos Ibero-afro-americanos','Benjamin Abdala Jr., Marli Fantini Scarpelli','58.00'),(171,'978-85-7480-585-6','Porvir que Vem Antes de Tudo - Literatura e Cinema em Lavoura Arcaica','Renato Tardivo','36.00'),(172,'85-7480-014-7','Prelúdio da Metrópole - Arquitetura e Urbanismo em São Paulo na Passagem do Século XIX ao XX','Hugo Segawa','82.00'),(173,'978-85-7480-695-2','Prenúncios e Vestígios','Edward Lopes','75.00'),(174,'978-85-7480-814-7','Preservação do Patrimônio Arquitetônico da Industrialização','Beatriz Mugayar Kühl','92.00'),(175,'85-85851-88-0','Primeiras Palavras','Douglas Messerli','28.00'),(176,'85-7480-183-6','Primórdios da Cerveja no Brasil, Os','Sérgio de Paula Santos','26.00'),(177,'978-85-7480-591-7','Privilégios, Os','Jerusa Pires Ferreira, Stendhal','25.00'),(178,'978-85-7480-732-4','Processos de Criação em À Sombra das Raparigas em Flor, Os','Philippe Willemart','48.00'),(179,'978-85-7480-731-7','Produção Gráfica para Designers','Mark Gatter','148.00'),(180,'85-7480-320-0','Professor Riobaldo, O - Um Novo Místico da Poetagem','Héctor Olea','48.00'),(181,'85-7480-024-4','Proust, Poeta e Psicanalista','Philippe Willemart','52.00'),(182,'978-85-7480-639-6','Psicolirismo da Terapia Cotidiana','Rita Moutinho','51.00'),(183,'85-85851-79-1','Quadragésimo','Horácio Costa','48.00'),(184,'978-85-7480-709-6','Quarto Livro dos Fatos e Ditos Heroicos do Bom Pantagruel, O','François Rabelais','146.00'),(185,'978-85-7480-390-6','Quase Fim de Serapião Filogônio, O','Jonas Rosa','36.00'),(186,'978-85-7480-530-6','Quase Tudo','Ecos Falsos','30.00'),(187,'978-85-7480-666-2','Quatro Ensaios sobre OSCAR NIEMEYER','Ingrid Quintana Guerrero, Paulo Bruna','58.00'),(188,'85-7480-131-3','Queda do Muro de Berlim e a Presentificação da História, A','Flávia Bancher','41.00'),(189,'978-85-7480-760-7','Questão da Ideologia no Círculo de Bakhtin, A','Luiz Rosalvo Costa','58.00'),(190,'978-85-7480-742-3','Quincas Borba','Machado de Assis, Jean Pierre Chauvin','42.00'),(191,'978-85-7480-313-5','Rabelais e Joyce - Três Leituras Menipeias','Élide Valarini Oliver','42.00'),(192,'85-7480-308-1','Rapid Departures','Vincent Katz','58.00'),(193,'978-85-7480-521-4','Réu Confesso - Poemas Reunidos (1968-2010)','Luiz Meyer','44.00'),(194,'978-85-7480-410-1','Realidade & Ilusão em Machado de Assis','José Aderaldo Castello','45.00'),(195,'978-85-7480-626-6','Realidade Possível: Dilemas da Ficção em Henry James e Machado de Assis','Marcelo Pen Parreira','51.00'),(196,'978-85-7480-730-0','Realidades e Ficções na Trama Fotográfica - 5ª Edição','Boris Kossoy','45.00'),(197,'978-65-5580-013-5','Realidades e Ficções na Trama Fotográfica - 6a ed.','Boris Kossoy','47.00'),(198,'978-85-7480-523-8','Refluxos','Edson Valente','28.00'),(199,'978-85-7480-755-3','Relíquia, A','Fernando Marcílio L. Couto, Eça de Queirós','41.00'),(200,'85-7480-197-6','Remorso do Cosmos','Régis Bonvicino','43.00'),(201,'978-85-7480-770-6','René Thiollier - Obra e Vida do Grão-Senhor da Villa Fortunata e da Academia Paulista de Letras','Valter Cesar Pinheiro','54.00'),(202,'978-85-7480-379-1','Repensando a Educação','Geraldina Porto Witter','29.00'),(203,'85-7480-255-7','Repensando o Partido Verde Brasileiro','Tibor Rabóczkay','44.00'),(204,'85-7480-199-2','República das Bicicletas','Moacyr Godoy Moreira','50.00'),(205,'85-85851-23-6','Resíduos','David Oscar Vaz','35.00'),(206,'978-85-7480-517-7','Resíduos Ensaísticos de uma Pós-Graduação','Segismundo Spina','28.00'),(207,'85-7480-279-4','Resposta','Elisa Nazarian','48.00'),(208,'978-85-7480-632-7','Restauração','E. E. Viollet-le-Duc','35.00'),(209,'85-7480-112-7','Restauradores, Os','Camillo Boito','34.00'),(210,'85-85851-11-2','Resumo do Dia','Heitor Ferraz','26.00'),(211,'978-85-7480-803-1','Retorno de Bennu, O','Majela Colares','43.00'),(212,'978-85-7480-538-2','Retrato do Brasil em Cordel','Mark Curran','98.00'),(213,'(não possui)','Revista de Estudos Orientais n° 4','Depto. Letras Orientais USP','58.00'),(214,'85-7480-222-0','Revistas na Era Pós-Verso','Omar Khouri','38.00'),(215,'978-85-7480-586-3','Rio na Parede, O','Gil Felippe','32.00'),(216,'85-85851-87-2','Romance de Formação em Perspectiva Histórica - O Tambor de Lata de Günter Grass','Marcus Vinicius Mazzari','46.00'),(217,'978-65558-000-74','Romance de Formação: Caminhos e Descaminhos do Herói','Marcus Vinicius Mazzari, Maria Cecilia Marks','96.00'),(218,'978-85-7480-809-3','Rosa Luxemburgo: Crise e Revolução','Rosa Rosa Gomes','63.00'),(219,'978-85-7480-690-7','Rosto da Memória, O','Décio Pignatari','42.00'),(220,'85-7480-020-1','Roteiro para um Narrador - Uma Leitura dos Contos de Rubem Fonseca','Ariovaldo José Vidal','44.00'),(221,'978-85-7480-701-0','Rousseau e as Artes','Paulo Mugayar Kühl, Célia Gambini','45.00'),(222,'85-7480-137-2','Rudimentos da Vida Coletiva','Alcir Pécora','34.00'),(223,'978-85-7480-717-1','Rumo à Vertigem ou A Arte de Naufragar-se','Wassily Chuck','58.00'),(224,'978-85-7480-569-6','Rupturas - Poemas em Busca de um Eixo','Ana Maria Amaral','33.00'),(225,'978-85-7480-829-1','Sabedoria do Bibliotecário, A','Michel Melot','36.00'),(226,'978-85-7480-573-3','Salvações no Nordeste - Política e Participação Popular','Flávia Borges Pereira','46.00'),(227,'85-7480-134-8','Sangue dos Dias Transparentes, O','Paulo Franchetti','36.00'),(228,'978-85-7480-471-2','Sementes Aladas','Percy Bysshe Shelley','56.00'),(229,'978-85-7480-778-2','Semiótica & Literatura (8a. ed.)','Décio Pignatari','46.00'),(230,'85-7480-206-9','Semiótica da Arte e da Arquitetura','Décio Pignatari','41.00'),(231,'978-85-7480-397-5','Semiótica à Luz de Guimarães Rosa','Luiz Tatit','48.00'),(232,'85-7480-036-8','Serafim Ponte Grande e as Dificuldades da Crítica Literária','Pascoal Farinaccio','52.00'),(233,'978-85-7480-785-0','Sertões, Os - Campanha de Canudos','Leopoldo Bernucci, Euclides da Cunha','120.00'),(234,'978-85-7480-463-7','Só (seguido de Despedidas)','Annie Gisele Fernandes, Hélder Garmes, Antônio Nobre','42.00'),(235,'978-85-7480-833-8','Sôbô - Uma Saga da Imigração Japonesa (2a. ed.)','Tatsuzô Ishikawa','48.00'),(236,'978-85-7480-515-3','Signos (em) Cena - Poemas | Ensaios','Aguinaldo Gonçalves','78.00'),(237,'978-85-7480-388-3','Silêncios de Água e Pedra','Wassily Chuck','46.00'),(238,'978-85-7480-715-7','Silêncios no Escuro','Maria Viana','38.00'),(239,'978-85-7480-367-8','Simbolismo dos Padrões Geométricos da Arte Islâmica, O','Sylvia Leite','53.00'),(240,'85-7480-317-0','Sinais das Ideias','Moacir Ferreira de Oliveira','45.00'),(241,'978-85-7480-548-1','Soalho de Tábua','Moacyr Godoy Moreira','35.00'),(242,'85-7480-140-2','Sobre o Filme Lavour\'Arcaica','Luiz Fernando Carvalho','48.00'),(243,'978-85-7480-772-0','Sociologia Brasileira Hoje','Carlos Benedito Martins, Sergio Miceli','68.00'),(244,'978-85-7480-810-9','Sociologia Brasileira Hoje II','Sergio Miceli, Carlos Benedito Martins','60.00'),(245,'85-7480-294-8','Sofia - Uma Ventania para Dentro / Sofia - Una Brisa para Dentro','Sidney Rocha','43.00'),(246,'978-85-7480-520-7','Sombras da Percepção','Geoffrey Lynn, Aurora Fornoni Bernardini','38.00'),(247,'85-7480-063-5','Sombras e Distâncias','Egberto Penido','28.00'),(248,'85-85851-19-8','Sondas','José de Paula Ramos Jr.','42.00'),(249,'9788574807447','Sonetos de Camões','Carlos Cortez Minchillo, Izeti Fragata Torralvo, Luís de Camões','35.00'),(250,'85-7480-330-8','Sudário','Guiomar de Grammont','48.00'),(251,'85-7480-297-2','São Paulo: Trânsitos','Vincenzo Scarpellini','26.00'),(252,'85-7480-298-0','São Paulo: Vidas','Vincenzo Scarpellini','26.00'),(253,'85-7480-296-4','Teatro da Memória de Giulio Camillo, O','Milton José de Almeida','72.00'),(254,'85-85851-25-2','Teatro de Animação','Ana Maria Amaral','38.00'),(255,'978-85-7480-567-2','Teatro Russo - Literatura e Espetáculo','Arlete Cavalieri, Elena Vássina','89.00'),(256,'978-85-7480-637-2','Tempo Solto','Amálio Pinheiro','42.00'),(257,'978-85-7480-640-2','Tempo Vivo da Memória, O - Ensaios de Psicologia Social','Ecléa Bosi','62.00'),(258,'978-85-7480-336-4','Tempos da Fotografia, Os - O Efêmero e o Perpétuo','Boris Kossoy','55.00'),(259,'978-85-7480-678-5','Teoria da Poesia Concreta - Textos Críticos e Manifestos (1950-1960)','Décio Pignatari, Augusto de Campos, Haroldo de Campos','68.00'),(260,'978-85-7480-631-0','Teoria da Restauração','Cesare Brandi','62.00'),(261,'85-7480-103-8','Terceiro Livro dos Fatos e Ditos Heroicos do Bom Pantagruel, O','François Rabelais','136.00'),(262,'978-85-7480-691-4','Terceiro Tempo','Décio Pignatari','38.00'),(263,'85-7480-188-7','Território de Epidauro','Pedro Nava','58.00'),(264,'978-85-7480-587-0','Til - Romance Brasileiro','Ivan Teixeira, José de Alencar','41.00'),(265,'85-7480-242-5','Timbre','Virgílio Maia','35.00'),(266,'978-6555-800-142','Toda a Cidade de São Francisco do Pará','Gustavo Piqueira','35.00'),(267,'978-85-7480-689-1','Todos Entoam - Ensaios, Conversas e Lembranças','Luiz Tatit','68.00'),(268,'85-85851-29-5','Together 1996','Régis Bonvicino','28.00'),(269,'85-7480-293-X','Tolerância e o Intempestivo, A','Edson Passetti','48.00'),(270,'978-85-7480-370-8','Túnel do Tempo','José Sebastião Witter','38.00'),(271,'85-7480-187-9','Tragédia Grega - O Mito em Cena','Daisi Malhadas','38.00'),(272,'978-85-7480-654-9','Trajetória de Paulo Emilio','Adilson Mendes','52.00'),(273,'978-85-7480-562-7','Trajetória em Noite Escura','Naoya Shiga','62.00'),(274,'978-85-7480-646-4','Transliteração do Hebraico para Leitores Brasileiros','Saul Kirschbaum','18.00'),(275,'978-85-7480-634-1','Transmutação Metalinguística na Poética de Edgard Braga, A','Beatriz Helena Ramos Amaral','46.00'),(276,'978-85-7480-741-6','Transverso','Marcos Pamplona','44.90'),(277,'978-85-7480-345-6','Três Vezes Machado de Assis','Ubiratan Machado','28.00'),(278,'978-85-7480-665-5','Travessias - D. João VI e o Mundo Lusófono','Paulo Motta Oliveira','67.00'),(279,'978-85-7480-815-4','Trágica História do Dr. Fausto, A','Christopher Marlowe, Luís Bueno','128.00'),(280,'85-85851-77-5','Tripé','Rodrigo Lacerda','46.00'),(281,'978-85-7480-704-1','Triste Fim de Policarpo Quaresma','Gustavo Martins, Lima Barreto, Ivan Teixeira','38.00'),(282,'978-85-7480-455-2','TV Digital.Br: Conceitos e Estudos sobre o ISDB-Tb','S. Squirra, Valdecir Becker','48.00'),(283,'85-7480-305-7','Um Amor Literário','Letícia Malard','38.00'),(284,'85-85851-33-3','Um Canto','Cacá Moreira de Souza','52.00'),(285,'978-85-7480-767-6','Um Lance de Dados - 2a. ed.','Álvaro Faleiros, Stéphane Mallarmé','52.00'),(286,'85-85851-17-1','Uma Lua em Paris','M. A. Amaral Rezende','38.00'),(287,'85-7480-019-8','Urna, A','David Oscar Vaz','38.00'),(288,'85-7480-157-7','Vanguardas: Brasil & Itália','Lúcia Wataghin','54.00'),(289,'978-85-7480-441-5','Várias Histórias','José de Paula Ramos Jr., Machado de Assis','38.00'),(290,'978-85-7480-372-2','Velho é o Espelho','Maria de Lourdes Ferreira Alves','46.00'),(291,'85-85851-57-0','Velho Chico ou A Vida é Amável, O','Dirce de Assis Cavalcanti','48.00'),(292,'978-85-7480-841-3','Velhos Amigos','Ecléa Bosi','43.00'),(293,'85-7480-039-2','Vermelho','Aguinaldo Gonçalves','56.00'),(294,'978-85-7480-711-9','Viagem a um Deserto Interior','Leila Guenther','42.00'),(295,'85-7480-241-7','Viagem ao Egito, Jordânia e Israel','Pedro Nava','28.00'),(296,'978-85-7480-448-4','Viagem de Joseph Língua','Pedro Américo de Farias','27.00'),(297,'978-85-7480-687-7','Viagem Magnética','Décio Pignatari','32.00'),(298,'978-85-7480-592-4','Viagens na Minha Terra','Ivan Teixeira, Almeida Garrett','38.00'),(299,'978-85-7480-765-2','Vida e Morte de M. J. Gonzaga de Sá','Marcos Scheffel, Lima Barreto','41.00'),(300,'85-7480-269-7','Vitrola dos Ausentes','Paulo Ribeiro','36.00'),(301,'978-85-7480-688-4','Viva Vaia - Poesia 1949-1979','Augusto de Campos','160.00'),(302,'85-7480-323-5','Voo Noturno das Galinhas, O','Leila Guenther','38.00'),(303,'978-85-7480-638-9','Vocabulário Português-Nheengatu - Nheengatu-Português','E. Stradelli','83.00'),(304,'978-85-7480-718-8','Voz que Canta na Voz que Fala, A - Poética e Política na Trajetória de Gilberto Gil','Pedro Henrique Varoni de Carvalho','62.00'),(305,'978-85-7480-451-4','Vão-se os Dias e Eu Fico','Edson Nery da Fonseca','39.00'),(306,'978-85-7480-845-1','William Morris - Sobre as Artes do Livro','William Morris, Gustavo Piqueira','160.00'),(307,'978-85-7480-813-0','Yaser','Eda Nagayama','45.00'),(308,'85-85851-98-8','Zé Ferino','Rodrigo Penteado','34.00'),(309,'97-885-7480-817-8','50 Tons da Vida','Roberto Livianu','39.90'),(310,'85-85851-40-6','A Um - Poemas','Robert Creeley','41.00'),(311,'978-65-5580-016-6','A Voz e o Tempo - 3a ed.','Roberto Gambini','72.00'),(312,'85-7480-132-1','A.S.A. - Associação dos Solitários Anônimos','Rosario Fusco','58.00'),(313,'978-85-7480-649-5','Acústica Musical em Palavras e Sons, A','Flo Menezes','81.00'),(314,'978-85-7480-377-7','Adeus Penderama e Outros Escritos','José Paulo Cavalcanti Filho','42.00'),(315,'85-7480-114-3','Adoniran Barbosa - O Poeta da Cidade','Francisco Rocha','53.00'),(316,'85-7480-215-8','Adorável Criatura Frankenstein','Ademir Assunção','42.00'),(317,'85-7480-230-1','Afeto Autoritário, O - Televisão, Ética e Democracia','Renato Janine Ribeiro','42.00'),(318,'978-85-7480-550-4','Afinador de Passarinhos, O','Gil Perini','38.00'),(319,'978-65-5580-003-6','Aldo Manuzio. Editor. Tipógrafo. Livreiro (2a ed.)','Enric Satué','75.00'),(320,'85-7480-068-6','Alguma Crítica','João Alexandre Barbosa','55.00'),(321,'978-85-7480-418-7','Almanaque Tipográfico Brasileiro','Carlos M. Horcades','67.00'),(322,'85-7480-264-6','Alongamento','Sérgio Medeiros','51.00'),(323,'978-85-7480-511-5','Altar & o Trono, O - Dinâmica do Poder em O Alienista','Ivan Teixeira','106.00'),(324,'978-85-7480-430-9','Amaro Macedo - O Solitário do Cerrado','Gil Felippe, Maria do Carmo Duarte Macedo','39.00'),(325,'85-7480-195-X','Ancora Medicinal para Conservar a Vida com Saúde','Francisco da Fonseca Henriquez','92.00'),(326,'978-85-7480-316-6','Andaimes','Milton Torres','58.00'),(327,'85-7480-066-X','Anfiteatro, O - Textos sobre Medicina','Pedro Nava','40.00'),(328,'978-85-7480-835-2','Angu de Sangue - 3a. ed.','Marcelino Freire','52.00'),(329,'85-7480-263-8','Anima Mundi','Ricardo Pires de Souza','79.00'),(330,'85-7480-123-2','Animal de Silêncios','Jaime Labastida','39.00'),(331,'978-85-7480-366-1','Anos de Exílio do Jovem Mallarmé, Os','Joaquim Brasil Fontes','42.00'),(332,'85-7480-067-8','Antologia Poética','Jorge Wanderley','58.00'),(333,'978-85-7480-781-2','Antologia Poética - 1987-2017','Marcelo Sandmann','39.90'),(334,'978-8574-8081-16','Ao Vires Isto - Gertrude Stein','João Queiroz, Daniella Aguiar, Luci Collin','44.90'),(335,'85-7480-109-7','Apoteose de Schoenberg','Flo Menezes','83.00'),(336,'978-85-7480-751-5','Arabia Brasilica','Alberto Sismondini','45.00'),(337,'85-85851-18-X','Arca de Noésio, A','Gustavo Martins','19.00'),(338,'978-85-7480-837-6','Arquétipos Literários, Os - 3a ed.','Eleazar M. Meletínski','45.00'),(339,'978-85-7480-642-6','Arte da Automutilação, A','Felipe Lion','47.00'),(340,'85-85851-81-3','Arte de Argumentar, A - Gerenciando Razão e Emoção','Antônio Suárez Abreu','49.00'),(341,'978-85-7480-381-4','Arte do Zajal, A - Estudo de Poética Árabe','Michel Sleiman','54.00'),(342,'85-7480-177-1','Arte Invisível ou a Arte do Livro, A','Plinio Martins Filho','42.00'),(343,'978-85-7480-248-0','Arte, Dor - Inquietudes entre Estética e Psicanálise','João A. Frayze-Pereira','98.00'),(344,'85-7480-156-9','Artigas e Cascaldi - Arquitetura em Londrina','Juliana Suzuki','71.00'),(345,'978-85-7480-575-7','Até a Margem do Grande Rio','Edu Campos','42.00'),(346,'978-65-5580-021-0','Atando as Pontas da Vida','Ariovaldo José Vidal','51.00'),(347,'978-85-7480-756-0','Ateneu, O','Emília Amaral, Raul Pompeia','38.00'),(348,'978-85-7480-590-0','Auto da Barca do Inferno','Gil Vicente, Ivan Teixeira','27.50'),(349,'85-85851-20-1','Bailadora Andaluza, A - A Explosão do Sagrado na Poesia de João Cabral','Waldecy Tenório','43.00'),(350,'85-7480-174-7','BaléRalé','Marcelino Freire','48.00'),(351,'978-85-7480-791-1','Baldio - poemas (2009-2017)','Rodrigo Madeira','44.90'),(352,'85-7480-006-6','Balão Cativo','Pedro Nava','72.00'),(353,'85-7480-304-9','Banda das Velhas Virgens, A - 18 Anos de Bar em Bar','Alexandre Cavalo, Ricardo dos Santos Gozzi','39.80'),(354,'978-85-7480-773-7','Batalha dos Livros, A','Lincoln Secco','46.00'),(355,'85-7480-161-5','Beauty & Fashion','Mário Cafiero','76.00'),(356,'85-7480-147-X','Beira-Mar','Pedro Nava','78.00'),(357,'978-85-7480-722-5','Bibliomania','Lincoln Secco, Marisa Midori Deaecto','59.00'),(358,'85-85851-13-9','Biblioteca Imaginária, A','João Alexandre Barbosa','44.00'),(359,'85-85851-56-2','Bicho Urucutum, O','Pedro Nava','43.00'),(360,'978-85-7480-563-4','Bilhete Seco','Elisa Nazarian','48.00'),(361,'978-85-7480-684-6','Bom Crioulo','Salete de Almeida Cara, Adolfo Caminha','38.00'),(362,'85-7480-032-5','Bovarismo e Romance - Madame Bovary e Lady Oracle','Andrea Saad Hossne','53.00'),(363,'978-85-7480-429-3','Branco sobre Branco','Guilherme Zarvos','55.00'),(364,'978-85-7480-754-6','Brasil: Paisagens de Exceção - O Litoral e o Pantanal Mato-grossense: Patrimônios Básicos','Aziz Ab Sáber','55.00'),(365,'85-7480-011-2','C@rtas Ácidas da Campanha de Lula de 1998, As','Bernardo Kucinski','38.00'),(366,'85-7480-055-4','Cadenciando-um-Ning - Um Samba, para o Outro','Michael Palmer, Régis Bonvicino','35.00'),(367,'1806-2911','Caderno de Literatura e Cultura Russa - Dostoiévski','Depto. Letras Orientais USP','97.00'),(368,'85-86084-09-3','Cadernos 1 e 2','Pedro Nava','30.00'),(369,'978-85-7480-795-9','Caligramas (2a ed.)','Álvaro Faleiros, Guillaume Apollinaire','68.00'),(370,'85-7480-328-6','Cama de Campanha','Flávio Carvalho Ferraz','42.00'),(371,'85-85851-84-8','Caminho do Encontro, A - Uma Leitura de Contos Novos','Ivone Daré Rabello','53.00'),(372,'978-85-7480-696-9','Caminhos do Romance em Portugal - Camilo, Eça e o Folhetim Francês','Andréa Trench de Castro','52.00'),(373,'85-7480-331-6','Cantigas do Falso Alfonso el Sabio','Affonso Ávila','45.00'),(374,'978-85-7480-777-5','Capa do Livro Brasileiro, A - 1820-1950','Ubiratan Machado','320.00'),(375,'978-85-7480-727-0','Capas de Santa Rosa','Luís Bueno','132.00'),(376,'978-85-7480-706-5','Carne, A','Júlio Ribeiro','37.00'),(377,'978-85-74-80-736-2','Cartas a Miranda','Quatremère de Quincy','35.00'),(378,'85-7480-153-4','Cartas a William Agel de Mello','João Guimarães Rosa, William Agel de Mello','39.60'),(379,'85-7480-249-2','Cartas aos Amigos Caio Porfírio Carneiro e Fábio Lucas','João Antônio','32.00'),(380,'978-85-7480-464-4','Cartas de Fidelino de Figueiredo e de Segismundo Spina','Nuno Fidelino de Figueiredo','33.00'),(381,'85-7480-130-5','Cartilha - Martelo-Gabinete e Ferrografia','Virgílio Maia','33.00'),(382,'978-85-7480-461-3','Casa de Pensão','Marcelo Bulhões, Aluísio de Azevedo','43.00'),(383,'978-85-7480-729-4','Casa dos Seis Tostões, A','Paul Collins','67.00'),(384,'978-85-7480-710-2','Casas Importadoras de Santos e seus Agentes','Carina Marcondes Ferreira Pedro','42.00'),(385,'978-85-7480-662-4','Catecismo da Preservação de Monumentos','Max Dvorák','41.00'),(386,'85-85851-12-0','Céus Derretidos','Teixeira Coelho, Jean-Claude Bernardet','41.00'),(387,'97885-7480-686-0','Cem Menores Contos Brasileiros do Século, Os','Marcelino Freire','35.00'),(388,'978-85-7480-799-7','Cem Menores Contos Brasileiros do Século, Os (5a. ed.)','Marcelino Freire','48.00'),(389,'978-85-7480-734-8','Cena Absurdo','Pedro Marques','67.00'),(390,'978-85-7480-350-0','Cena Macaca','Zé Pedro','65.00'),(391,'85-7480-017-1','Cena Muda, A','Miguel Angel Fernandez','46.00'),(392,'978-85-7480-762-1','Cenas da Infância - Kartolas, Kalungas e Katiras','Jonas Rosa','39.00'),(393,'978-85-7480-805-5','Cenas em Jogo','Renato Tardivo','33.00'),(394,'85-7480-247-6','Cera das Almas','Pedro Nava','39.00'),(395,'85-7480-058-9','Choro de Homem','Marcos Rodrigues','39.00'),(396,'85-7480-292-1','Ciclo das Chamas','Antônio Lázaro de Almeida Prado','39.00'),(397,'85-85851-60-0','Cidade de Atys','Marcelo Novaes','29.00'),(398,'978-85-7480-380-7','Cidade e as Serras, A','Paulo Franchetti, Leila Guenther, Eça de Queirós','38.00'),(399,'85-85851-48-1','Cidadela Ardente','Thelma Guedes','40.00'),(400,'978-85-7480-808-6','Cinematografia','Paulo Lopes Lourenço','44.90'),(401,'85-85851-85-6','Clarice Lispector - Uma Poética do Olhar','Regina Pontieri','49.00'),(402,'978-85-7480-462-0','Clepsidra','Paulo Franchetti, Camilo Pessanha','33.00'),(403,'978-85-7480-643-3','Clichês Brasileiros','Gustavo Piqueira','69.00'),(404,'978-85-7480-522-1','Clusters','Pedro Marques','33.00'),(405,'978-85-7480-645-7','Coisas do Diabo Contra','Eromar Bomfim','44.00'),(406,'978-85-7480-763-8','Comédia e Seus Duplos, A: O Anfitrião de Plauto','Rodrigo Tadeu Gonçalves','69.90'),(407,'85-7480-102-X','Comentário Literal sobre os Três Primeiros Capítulos do Gênesis','Giovanni Jacopo Casanova','32.00'),(408,'978-85-7480-402-6','Comunicados Lacônicos','Antonio Lizárraga','42.00'),(409,'978-85-7480-551-1','Condillac Lúcido e Translúcido','Leon Kossovitch','56.00'),(410,'978-85-7480-823-9','Contos da Nova Cartilha - Primeiro Livro de Leitura','Liev Tolstói','53.00'),(411,'978-85-7480-373-9','Contos do Divã','Sylvia Loeb','42.00'),(412,'85-7480-207-7','Contracomunicação','Décio Pignatari','44.00'),(413,'978-85-7480-363-0','Conversações Noturnas & Outros Poemas, As','José Laurenio de Melo','40.00'),(414,'978-85-7480-793-5','Coração, Cabeça e Estômago','Camilo Castelo Branco','38.00'),(415,'85-7480-033-3','Coreografia do Desejo, A - Cem Anos de Ficção Brasileira','Maria Angélica G. Lopes','45.00'),(416,'978-85-7480-527-6','Cores de Rosa','Adélia Bezerra de Meneses','60.00'),(417,'85-7480-175-5','Corredores para Abutres','Regina Silveira','31.00'),(418,'85-7480-141-0','Corrupção (18 Contos)','Rodrigo Penteado','44.00'),(419,'978-85-7480-579-5','Cortiço, O','Paulo Franchetti, Leila Guenther, Aluísio de Azevedo','38.00'),(420,'978-85-7480-231-2','Cozinheiro Nacional: Melhores Receitas Brasileiras e Europeias','Anônimo','98.00'),(421,'978-85-7480-354-8','Crítica e Criação - Um Estudo da Kreisleriana Op. 16 de Robert Schumann','Mónica Vermes','53.00'),(422,'978-85-7480-660-0','Crítica Literária Brasileira em Perspectiva, A','Rogério Cordeiro, Andréa Sirihal Werkema, Claudia Campos Soares, Sérgio Alcides Pereira do Amaral','58.00'),(423,'978-85-7480-499-6','Criação e Conflito','Celeste Ribeiro de Sousa','48.00'),(424,'85-85851-66-X','Crônicas da Vida Boêmia','Aluízio Falcão','48.00'),(425,'85-86084-14-X','Crônicas Efêmeras','João do Rio','45.00'),(426,'978-85-7480-340-1','Cultura Literária Medieval, A','Segismundo Spina','35.00'),(427,'978-85-7480-831-4','Da Argila à Nuvem','Yann Sordet','44.00'),(428,'978-85-7480-503-0','Dança de Shiva, A','Ricardo Pires de Souza','27.00'),(429,'85-7480-009-0','Dante - O Poeta do Absoluto','Hilário Franco Jr.','28.00'),(430,'978-85-7480-594-8','De Olho na Morte e Antes','Fernando Fortes','88.00'),(431,'978-85-7480-396-8','De Orfeu e de Perséfone - Morte e Literatura','Lélia Parreira Duarte','55.00'),(432,'85-7480-168-2','De Voos e Ilhas - Literatura e Comunitarismos','Benjamin Abdala Jr.','56.00'),(433,'978-85-7480-524-5','Debaixo do Sol','Eunice Arruda','40.00'),(434,'978-85-7480-708-9','Descoberta do Frio, A','Oswaldo de Camargo','38.00'),(435,'85-7480-001-5','Desenho Mágico - Poesia e Política em Chico Buarque','Adélia Bezerra de Meneses','65.00'),(436,'978-85-7480-338-8','Design como Ele É, O','Chico Homem de Melo, Eliana Tróia','28.00'),(437,'978-85-7480-387-6','Design da Escrita, O - Redigindo com Criatividade e Beleza, Inclusive Ficção','Antônio Suárez Abreu','45.00'),(438,'978-85-7480-595-5','Deste Lugar','Paulo Franchetti','39.00'),(439,'85-85851-21-X','Deuses Chutam Lata na Consolação, Os','Gilson Rampazzo','38.00'),(440,'978-85-7480-843-7','Dez Mitos sobre os Judeus - 2a. ed.','Maria Luiza Tucci Carneiro','50.00'),(441,'85-7480-209-3','Diana Caçadora & Tango Fantasma','Márcia Denser','45.00'),(442,'85-7480-314-6','Dias Melhores... Pra Sempre!','Cyro Leão, Luiz Chinan, Jadyr Pavão Jr.','33.00'),(443,'978-85-7480-416-3','Diálogos Literários - Literatura, Comparativismo e Ensino','Agnaldo Rodrigues da Silva','54.00'),(444,'978-85-7480-360-9','Diálogos sobre a Tecnologia do Cinema Brasileiro','Paulo B. C. Schettino','61.00'),(445,'85-7480-030-9','Diderot - O Espírito das \"Luzes\"','Jacó Guinsburg','28.00'),(446,'85-7480-049-X','Dissipatio H.G. - O Fim do Gênero Humano','Guido Morselli','45.00'),(447,'978-85-7480-506-1','Distopia','Hélio Franchini Neto','38.00'),(448,'978-85-7480-442-2','Do Formalismo Estético Trovadoresco','Segismundo Spina','49.50'),(449,'978-85-7480-399-9','Dom Casmurro','Leila Guenther, Paulo Franchetti, Machado de Assis','41.00'),(450,'978-85-7480-596-2','Domínios de Natureza no Brasil, Os - Potencialidades Paisagísticas','Aziz Ab Sáber','52.00'),(451,'85-7480-050-3','Drummond - Da Rosa do Povo à Rosa das Trevas','Vagner Camilo','75.00'),(452,'978-85-7480-547-4','Duplo Canto e Outros Poemas','François Cheng','92.00'),(453,'978-85-7480-629-7','E Fizerom Taes Maravilhas... - Histórias de Cavaleiros e Cavalarias','Lênia Márcia Mongelli','85.00'),(454,'978-85-7480-673-0','Eça de Queiroz. Uma Biografia','A. Campos Matos','128.00'),(455,'978-85-7480-337-1','Economia da Cultura, A','Françoise Benhamou','45.00'),(456,'85-7480-072-4','Edgar Allan Poe - Um Homem em sua Sombra','Ricardo Araújo','43.00'),(457,'978-85-7480-661-7','Edição e Revolução: Leituras Comunistas no Brasil e na França','Marisa Midori Deaecto, Jean-Yves Mollier','78.00'),(458,'85-7480-272-7','Edifícios Comerciais - Felipe Bezerra','Fernando Serapião','25.00'),(459,'85-7480-145-3','Edifícios Escolares - Miguel Juliano','Cristiane Corrêa','23.00'),(460,'85-7480-250-6','Educação & Psicologia - Cinquenta Anos de Profissão','Geraldina Porto Witter','64.00'),(461,'85-7480-128-3','Educação Sentimental em Proust','Philippe Willemart','48.00'),(462,'85-7480-089-9','Edusp: Um Projeto Editorial','Marcello Rollemberg, Plinio Martins Filho','99.80'),(463,'978-85-7480-577-1','Égloga da Maçã','Affonso Ávila','48.00'),(464,'978-85-7480-565-8','Eis o Mundo de Fora','Adrienne Myrtes','39.00'),(465,'978-85-7480-712-6','Electra de Eurípides','Trupersa - Trupe de Tradução de Teatro Antigo, Eurípides','45.00'),(466,'978-85-7480-779-9','Electra(s)','Trajano Vieira','39.60'),(467,'978-85-7480-572-6','Elementos de Semiótica Tensiva','Ivã Carlos Lopes, Luiz Tatit, Claude Zilberberg','52.00'),(468,'978-85-7480-403-3','Elos de Melodia e Letra - Análise Semiótica de Seis Canções','Luiz Tatit, Ivã Carlos Lopes','48.00'),(469,'85-7480-062-7','Em Louvor de Anti-Heróis','Victor Brombert','56.00'),(470,'85-7480-295-6','Em Nome do Corpo','Iacopo Pontormo','57.00'),(471,'978-65-5580-012-8','Encanto de Narciso, O - Reflexões sobre a Fotografia','Boris Kossoy','68.00'),(472,'85-7480-291-3','Encontros e Des-encontros','Maria Teresa Hellmeister Fornaciari','27.00'),(473,'85-7480-135-6','Encrenca','Manoel Carlos Karam','34.00'),(474,'978-85-7480-537-5','Ensaiando a Canção - Paulinho da Viola e Outros Escritos','Eliete Eça Negreiros','40.00'),(475,'978-85-7480-546-7','Ensino de Ciências e Matemática - Formação e Atuação de Professores','Geraldina Porto Witter, Moacir Wuo','36.00'),(476,'978-85-7480-378-4','Entreato Amoroso','Aercio Consolin','49.50'),(477,'978-85-7480-822-2','Entreatos','Marcelo Castel Cid, Gustavo Piqueira','32.00'),(478,'85-85851-71-6','Entrelivros','João Alexandre Barbosa','42.00'),(479,'1980-8909','Entretanto n° 1 - Revista de Literatura','Marcelino Freire, Delmo Montenegro, Fabiano Calixto, Micheliny Verunschk, Raimundo Carrero','25.00'),(480,'978-85-7480-369-2','Entrevistas de Domingo','O Diário de Mogi','150.00'),(481,'978-85-7480-840-6','Epigramas 2. ed.','Marco Valério Marcial, Rodrigo Garcia Lopes, Gustavo Piqueira','45.00'),(482,'978-85-7480-748-5','Era no Tempo do Rei - Atualidade das Memórias de um Sargento de Milícias','Edu Teruki Otsuka','53.00'),(483,'85-7480-094-5','EraOdito','Marcelino Freire','48.00'),(484,'978-65-5580-000-5','Esaú e Jacó','Machado de Assis, Paulo Franchetti, José de Paula Ramos Jr.','45.00'),(485,'85-7480-282-4','Escrita de Deus, A','Wilson Roberto Theodoro Filho','40.00'),(486,'978-85-7480-674-7','Escritores, Gatos e Teologia','Waldecy Tenório','45.00'),(487,'978-85-7480-700-3','Esplendor do Barroco Luso-brasileiro','Benedito Lima de Toledo','109.00'),(488,'85-7480-097-X','Espuma do Fogo, A','Carlos Nejar','30.00'),(489,'85-7480-322-7','Estados da Crítica','Alcides Cardoso dos Santos','44.00'),(490,'978-85-74-80-737-9','Estimar Canções','Luiz Tatit','38.00'),(491,'978-85-7480-648-8','Estrelas Errantes - Memória do Teatro Ídiche no Brasil','Nachman Falbel','140.00'),(492,'978-85-7480-677-8','Estudos Comparados - Teoria, Crítica e Metodologia','Benjamin Abdala Jr.','68.00'),(493,'978-85-7480-353-1','Estudos de Literatura Brasileira e Portuguesa','Paulo Franchetti','63.00'),(494,'978-85-7480-440-8','Euclides da Cunha: Uma Odisseia nos Trópicos','Frederic Amory','98.00'),(495,'85-7480-084-8','Eugênio Montale - Criatividade Poética e Psicanálise','Marisa Pelella Mélega','37.00'),(496,'978-85-7480-825-3','Eugênio Onêguin - Volume 1','Aleksandr Púchkin, Elena Vássina, Alípio Correia de Franca Neto','78.00'),(497,'978-85-7480-364-7','Exílio - As Histórias da Grande Peste','Samuel Reibscheid','43.00'),(498,'978-85-7480-500-9','Extravio Marinho','Simone Homem de Mello','47.00'),(499,'978-8-57-480681-5','Farsa de Inês Pereira','Carlos Cortez Minchillo, Izeti Fragata Torralvo, Gil Vicente','28.50'),(500,'978-85-7480-821-5','Fascinação','Flavio de Souza, Luci Collin','49.90'),(501,'85-85851-61-9','Fábulas para o Ano 2000','Gustavo Martins, Rodrigo Lacerda','32.00'),(502,'978-85-7480-342-5','Feito Eu','Elisa Nazarian','35.00'),(503,'85-7480-228-X','Ficção da Escrita, A','Cláudia Amigo Pino','48.00'),(504,'978-85-7480-339-5','Figurações do Oitocentos','Paulo Motta Oliveira','56.00'),(505,'85-7480-077-5','Filho do Crucificado, O','Nelson de Oliveira','42.00'),(506,'85-7480-004-X','Filosofando com o Miró','Eduardo Etzel','45.00'),(507,'85-7480-087-2','Fluxo Silencioso das Máquinas, O','Bruno Zeni','38.00'),(508,'978-85-7480-454-5','Fogos de Artifício: Flaubert e a Escritura','Verónica Galíndez-Jorge','42.00'),(509,'978-85-7480-593-1','Fúria Azul - Antielegias','Carlos Nejar','48.00'),(510,'978-85-7480-361-6','Forma do Livro, A - Ensaios sobre Tipografia e Estética do Livro','Jan Tschichold','93.00'),(511,'978-85-7480-683-9','Fotografia & História','Boris Kossoy','52.00'),(512,'978-85-7480-501-6','Fragmentos do Sol Chuvoso','Lauro Henriques Jr.','43.00'),(513,'85-85851-47-3','Franklin Távora e o seu Tempo','Cláudio Aguiar','40.00'),(514,'978-85-7480-349-4','Frei Galvão - Arquiteto','Benedito Lima de Toledo','40.00'),(515,'85-7480-010-4','Freud - A Conquista do Proibido','Renato Mezan','30.00'),(516,'85-7480-122-4','Fronteiras Culturais - Brasil, Uruguai, Argentina','Maria Helena Martins','48.00'),(517,'9786-5558-002-41','Gênero do Cuidado, O','Nadya Araujo Guimarães, Helena Sumiko Hirata','62.00'),(518,'978-85-7480-456-9','Gérard de Nerval: A Escrita em Trânsito','Marta Kawano','45.00'),(519,'978-85-7480-838-3','Geórgicas','Virgílio, Paulo Sergio de Vasconcellos, Odorico Mendes','98.00'),(520,'978-85-7480-344-9','Gentíssima','Maria Ignez Corrêa da Costa Barbosa','52.00'),(521,'978-85-7480-828-4','Geometrias de Cosmos','Rodrigo Suzuki Cintra','49.50'),(522,'978-85-7480-784-3','Gil Vicente - O Velho da Horta, Auto da Barca do Inferno, Farsa de Inês Pereira (40a ed.)','Segismundo Spina','35.00'),(523,'978-85-7480-723-2','Girassol Voltado para a Terra','Renato Tardivo','44.00'),(524,'978-85-7480-262-6','Goethe e Hackert - Sobre a Pintura de Paisagem','Claudia Valladão de Mattos','35.00'),(525,'978-85-7480-655-6','Grito de Jorge Andrade, O - A Experiência de um Autor na Telenovela Brasileira dos Anos 1970','Sabina Reggiani Anzuategui','42.00'),(526,'85-7480-210-7','Guimarães Rosa - Fronteiras, Margens, Passagens','Marli Fantini Scarpelli','65.00'),(527,'978-85-7480-601-3','Gustavo Giovannoni - Textos Escolhidos','Beatriz Mugayar Kühl','45.00'),(528,'978-85-7480-790-4','Hannah Arendt & Karl Marx - O Mundo do Trabalho','Eugenia Sales Wagner','49.00'),(529,'978-85-7480-705-8','Hannah Arendt - Ética e Política','Eugenia Sales Wagner','65.00'),(530,'978-65-5580-004-3','Herdando uma Biblioteca','Miguel Sanches Neto','42.00'),(531,'978-65-5580-002-9','Hidra Vocal - Estudos sobre Retórica e Poética','Lavínia Silvares, Marcelo Lachat, Maria do Socorro Fernandes de Carvalho','58.00'),(532,'85-7480-091-0','Hino Homérico a Apolo, O','Luiz Alberto Machado Cabral','72.00'),(533,'85-7480-085-6','Hipóteses de Amor','Annalisa Cima','76.00'),(534,'978-85-7480-398-2','História da Língua Portuguesa','-','98.00'),(535,'978-85-7480-532-0','História das Aventuras de Joseph Andrews e seu Amigo o Senhor Abraham Adams, A','Henry Fielding','105.00'),(536,'978-85-7480-789-8','História do PT','Lincoln Secco','49.00'),(537,'978-85-7480-474-3','Histórias de Banheiro','Dirce de Assis Cavalcanti','43.00'),(538,'978-85-7480-771-3','Histórias em Imagens e Versos - Wilhelm Busch','Guilherme de Almeida, Wilhelm Busch, Simone Homem de Mello','82.00'),(539,'85-85851-92-9','Hong Kong & Outros Poemas','Antônio Moura','26.00'),(540,'978-85-7480-549-8','Horizonte da Minha Pele, O','Emilio Bejel','51.00'),(541,'978-85-7480-334-0','Ícaro','Gabriel Pedrosa','26.00'),(542,'85-7480-150-X','Idade da Aurora, A','Carlos Nejar','75.00'),(543,'85-7480-120-8','Idade da Noite, A','Carlos Nejar','79.00'),(544,'978-85-7480-421-7','Idade Média no Cinema, A','José Rivair Macedo, Lênia Márcia Mongelli','45.00'),(545,'85-7480-121-6','Idiotas & Demagogos - Pequeno Manual de Instruções da Democracia','Almyr Gajardoni','43.00'),(546,'85-7480-124-0','Ilhas Brasil','Carlos Vogt','43.00'),(547,'978-85-7480-685-3','Ilustre Casa de Ramires, A','Marise Hansen, Eça de Queirós','43.50'),(548,'85-7480-149-6','Imagem Fria, A','Tales Ab\'Sáber','45.00'),(549,'85-7480-310-3','Imagens do Poder em Sêneca','Marilena Vizentin','52.00'),(550,'85-7480-162-3','Imigrantes Judeus do Oriente Médio - São Paulo e Rio de Janeiro','Rachel Mizrahi','120.00'),(551,'85-7480-107-0','Imigrantes, Mascates e Doutores','Meir Kucinski','54.00'),(552,'85-7480-152-6','Imprensa Confiscada pelo DEOPS - 1924-1954, A','Maria Luiza Tucci Carneiro, Boris Kossoy','116.00'),(553,'978-85-7480-739-3','Índia - Além do Olhar','Marleine Paula Marcondes e Ferreira de Toledo','35.00'),(554,'978-85-7480-827-7','Índios na Constituição, Os','Camila Loureiro Dias, Artionka Capiberibe','30.00'),(555,'978-85-7480-647-1','Informação. Linguagem. Comunicação','Décio Pignatari','38.00'),(556,'978-85-7480-505-4','Iniciação Boêmia & Textos Correlatos','Nuno Fidelino de Figueiredo, Fidelino de Figueiredo','41.00'),(557,'978-85-7480-832-1','Inocência','José de Paula Ramos Jr., Visconde de Taunay, Jefferson Cano','38.00'),(558,'978-85-7480-636-5','Insólita Metrópole: São Paulo nas Crônicas de Paulo Bomfim','Ana Luiza Martins','84.00'),(559,'978-85-7480-382-1','Intelecto em Ibn Sina (Avicena), O','Miguel Attie Filho','56.00'),(560,'978-85-7480-470-5','Interior Via Satélite','Marcos Siscar','52.00'),(561,'978-85-7480-670-9','Interpretações: Crítica Literária e Psicanálise','Cleusa Rios P. Passos, Yudith Rosenbaum','48.00'),(562,'978-85-7480-253-4','Intervalo Semântico, O','Carlos Vogt','52.00'),(563,'85-7480-146-1','Intransitivos, Os','Cacá Moreira de Souza','53.00'),(564,'978-85-7480-753-9','Introdução ao Estudo de Fernando Pessoa','Fernando Cabral Martins','52.00'),(565,'978-85-7480-444-6','Inula Niúla','Michel Sleiman','43.00'),(566,'85-7480-324-3','Iracema - Lenda do Ceará','Leila Guenther, Paulo Franchetti, José de Alencar','38.00'),(567,'85-7480-258-1','Irrecusável Busca de Sentido, A','Scarlett Marton','52.00'),(568,'978-85-7480-663-1','Jacques Derrida - Entreatos de Leitura e Literatura-','Roberto Said, Luiz Fernando Ferreira Sá','51.00'),(569,'978-85-7480-783-6','Jogo de Palavras','Jacó Guinsburg','58.00'),(570,'85-7480-026-0','Jogo de Ronda','Orlando Arruda','43.00'),(571,'85-7480-110-0','Jornada e a Clausura, A','Raquel de Almeida Prado','52.00'),(572,'85-7480-129-1','João Guimarães Rosa e a Saudade','Susana Lages','42.00'),(573,'85-7480-259-X','Judeus e Judaísmo na Obra de Lasar Segall','Maria Luiza Tucci Carneiro, Celso Lafer','120.00'),(574,'978-85-7480-714-0','Kalevala - Poema Primeiro','Elias Lönnrot','37.50'),(575,'978-85-7480-780-5','Konstantinos Kaváfis - 60 Poemas','Trajano Vieira, Konstantinos Kaváfis','39.00'),(576,'978-85-7480-738-6','L\'azur Blasé ou Ensaio do Fracasso sobre o Humor','Guilherme Gontijo Flores','44.90'),(577,'85-7480-204-2','Lacraus','Miguel Jorge','51.00'),(578,'978-85-7480-545-0','Laetitia, sp','Gabriel Pedrosa','36.00');

/*!40101 SET SQL_MODE=@OLD_SQL_MODE */;
/*!40014 SET FOREIGN_KEY_CHECKS=@OLD_FOREIGN_KEY_CHECKS */;
/*!40014 SET UNIQUE_CHECKS=@OLD_UNIQUE_CHECKS */;
/*!40111 SET SQL_NOTES=@OLD_SQL_NOTES */;
